{
  "gt_mode": "final",
  "n_channels": 266240,
  "n_iso_measured": 30120,
  "n_joint_measured": 5605,
  "rq1": {
    "strata_passing": 7,
    "strata_falsified": 5,
    "n_strata": 21,
    "median_top1pct_share": 0.33392711194743746
  },
  "rq2": {
    "pairs_significant_holm": 30,
    "min_ratio_over_null": 65.29961518066052,
    "max_ratio_over_null": 161.36473321481785
  },
  "rq3": {
    "2": {
      "size": 3491,
      "expected_chance": 278.6263070564334,
      "net_size": 3212.3736929435668,
      "measured": 3413,
      "coverage": 0.9776568318533372,
      "set_frac_of_N": 0.013112229567307692,
      "gt_frac": 0.9690181149803365,
      "chance_frac": 0.6089206066012489,
      "net_gt_frac": 0.3600975083790876,
      "net_gt_frac_ci_low": 0.3360870919905271,
      "net_gt_frac_ci_high": 0.37773963359688817
    },
    "3": {
      "size": 2509,
      "expected_chance": 2.894946603685576,
      "net_size": 2506.1050533963144,
      "measured": 2503,
      "coverage": 0.9976086090075728,
      "set_frac_of_N": 0.009423828125,
      "gt_frac": 0.9211702198845855,
      "chance_frac": 0.4465655664585192,
      "net_gt_frac": 0.4746046534260663,
      "net_gt_frac_ci_low": 0.4239297416572555,
      "net_gt_frac_ci_high": 0.5081401186216808
    },
    "4": {
      "size": 1652,
      "expected_chance": 0.015070844766909255,
      "net_size": 1651.9849291552332,
      "measured": 1652,
      "coverage": 1.0,
      "set_frac_of_N": 0.006204927884615384,
      "gt_frac": 0.8412368332496506,
      "chance_frac": 0.29473684210526313,
      "net_gt_frac": 0.5464999911443875,
      "net_gt_frac_ci_low": 0.46081565939554425,
      "net_gt_frac_ci_high": 0.6058935024475165
    },
    "5": {
      "size": 1105,
      "expected_chance": 3.141585829828864e-05,
      "net_size": 1104.9999685841417,
      "measured": 1105,
      "coverage": 1.0,
      "set_frac_of_N": 0.004150390625,
      "gt_frac": 0.7573406183405132,
      "chance_frac": 0.19714540588760035,
      "net_gt_frac": 0.5601952124529129,
      "net_gt_frac_ci_low": 0.4323421437152201,
      "net_gt_frac_ci_high": 0.6432113287342515
    }
  },
  "rq4": {
    "awq": {
      "share": 0.8803410320769456,
      "ci_low": 0.8286785589997708,
      "ci_high": 0.9389740831692678,
      "overprotects": true
    },
    "gptq": {
      "share": 0.9149361725544093,
      "ci_low": 0.8724746844273769,
      "ci_high": 0.9575889391444465,
      "overprotects": true
    },
    "owq_residual": {
      "share": 0.8842616702519807,
      "ci_low": 0.8302946503682593,
      "ci_high": 0.9399248152934202,
      "overprotects": true
    },
    "spqr": {
      "share": 0.9145194907634279,
      "ci_low": 0.8735993813526519,
      "ci_high": 0.9600366256778804,
      "overprotects": true
    },
    "unified": {
      "share": 0.8861265180391941,
      "ci_low": 0.8352137988620809,
      "ci_high": 0.9407800157831296,
      "overprotects": true
    }
  },
  "rq5": {
    "pooled_partial": {
      "awq": {
        "raw_spearman": 0.161603969207156,
        "partial_spearman": 0.028625864128921645
      },
      "gptq": {
        "raw_spearman": 0.19764870596157796,
        "partial_spearman": 0.22347040551667838
      },
      "owq_residual": {
        "raw_spearman": 0.43756906563178566,
        "partial_spearman": 0.24483978130574735
      },
      "spqr": {
        "raw_spearman": 0.43217744546270415,
        "partial_spearman": 0.28511484364719536
      },
      "unified": {
        "raw_spearman": 0.8641451453384508,
        "partial_spearman": 0.8375055403557192
      },
      "owq_energy": {
        "raw_spearman": 0.44558508481884695,
        "partial_spearman": 0.19118387513975238
      },
      "gptq_actorder_proxy": {
        "raw_spearman": 0.17907049832695546,
        "partial_spearman": 0.16432064150356337
      }
    },
    "unified_wins_vs": [
      "awq",
      "gptq",
      "owq_residual",
      "spqr",
      "owq_energy",
      "gptq_actorder_proxy"
    ],
    "beats_unified": [],
    "precision_at_k": {
      "awq": 0.44642857142857145,
      "gptq": 0.4107142857142857,
      "owq_residual": 0.5714285714285714,
      "spqr": 0.4107142857142857,
      "unified": 0.21428571428571427,
      "owq_energy": 0.5357142857142857,
      "gptq_actorder_proxy": 0.5
    }
  },
  "joint": {
    "set_level_sign_min3": {
      "correct": 152,
      "total": 152
    },
    "set_level_sign_min1": {
      "correct": 198,
      "total": 198
    },
    "split_half_reliability": {
      "n_channels": 4200,
      "n_strata": 21,
      "joint_loi": {
        "split_half_pooled_spearman": 0.981006368861715,
        "split_half_within_linear_median": 0.14643216080402013,
        "n_strata_used": 21,
        "spearman_brown_full_eval_pooled": 0.9904121301996628,
        "spearman_brown_full_eval_within": 0.25545717541860263
      },
      "isolated": {
        "split_half_pooled_spearman": 0.929106911918921,
        "split_half_within_linear_median": 0.7955763894097354,
        "n_strata_used": 21,
        "spearman_brown_full_eval_pooled": 0.9632508246986891,
        "spearman_brown_full_eval_within": 0.8861515378594027
      }
    }
  }
}